#location_dep, attr_val1, attr_val2, ..., attr_valN
0,0.00000,0.00000
10,0.00030,0.00030
20,0.00170,0.00170
30,0.00080,0.00080
40,0.00330,0.00330
50,0.00180,0.00180
60,0.00150,0.00150
70,0.00300,0.00300
80,0.00200,0.00200
90,0.00260,0.00260
100,0.00310,0.00310
