#location_dep, attr_val1, attr_val2, ..., attr_valN
0,0.00000,0.00000
10,0.00050,0.00050
20,0.00030,0.00030
30,0.00110,0.00110
40,0.00190,0.00190
50,0.00200,0.00200
60,0.00320,0.00320
70,0.00160,0.00160
80,0.00380,0.00380
90,0.00260,0.00260
100,0.00310,0.00310
