#location_dep, attr_val1, attr_val2, ..., attr_valN
0,0.00000,0.00000
10,0.00030,0.00030
20,0.00010,0.00010
30,0.00150,0.00150
40,0.00230,0.00230
50,0.00020,0.00020
60,0.00190,0.00190
70,0.00110,0.00110
80,0.00270,0.00270
90,0.00260,0.00260
100,0.00240,0.00240
